id,first_name,last_name,email,gender,ip_address
1,Ara,Lahive,alahive0@zdnet.com,Female,16.8.199.184
2,Park,Stuchbury,pstuchbury1@lulu.com,Male,62.8.126.99
3,Linnie,Stearndale,lstearndale2@discovery.com,Female,94.114.49.209
4,Vivyanne,Stubbeley,vstubbeley3@acquirethisname.com,Female,212.96.185.153
5,Arlette,Burgin,aburgin4@nasa.gov,Female,221.18.10.45
6,Lazare,Gaiger,lgaiger5@wordpress.com,Male,104.151.251.150
7,Claudetta,Capun,ccapun6@google.com.au,Female,125.142.64.195
8,Trace,Gerardi,tgerardi7@globo.com,Male,156.35.187.204
9,Domingo,McCritchie,dmccritchie8@yale.edu,Male,90.25.87.45
10,Harlene,Milligan,hmilligan9@upenn.edu,Female,48.53.204.217
11,Marian,Laurence,mlaurencea@ameblo.jp,Female,153.90.73.252
12,Conchita,Konert,ckonertb@sina.com.cn,Female,137.60.185.244
13,Gabbey,Jeffcock,gjeffcockc@epa.gov,Female,131.0.203.90
14,Janifer,Summerlie,jsummerlied@gov.uk,Female,23.247.101.193
15,Torey,Lackham,tlackhame@about.com,Female,118.204.61.177
16,Rurik,Fritzer,rfritzerf@independent.co.uk,Male,184.63.136.128
17,Avigdor,Endean,aendeang@ucla.edu,Male,175.203.176.218
18,Chandra,Arndtsen,carndtsenh@mtv.com,Female,165.208.170.221
19,Anthia,Ghiroldi,aghiroldii@wired.com,Female,31.29.151.114
20,Pasquale,Puckinghorne,ppuckinghornej@stumbleupon.com,Male,82.215.63.77
21,Kat,Simmens,ksimmensk@princeton.edu,Female,121.184.44.118
22,Frans,Heddan,fheddanl@lycos.com,Male,87.128.135.177
23,Haslett,Rosenbarg,hrosenbargm@wix.com,Male,179.147.130.25
24,Nevil,Ryley,nryleyn@hhs.gov,Male,53.118.78.67
25,Clary,Antoniak,cantoniako@networkadvertising.org,Female,116.159.22.198
26,Benjamen,Kupper,bkupperp@berkeley.edu,Male,15.46.156.184
27,Alfy,Pulster,apulsterq@google.co.jp,Male,88.69.57.56
28,Ruggiero,Waggitt,rwaggittr@friendfeed.com,Male,48.74.151.10
29,Walther,Fulkes,wfulkess@domainmarket.com,Male,71.145.54.252
30,Nedi,Crudge,ncrudget@vistaprint.com,Female,207.205.162.108
31,Emlyn,Baskerville,ebaskervilleu@google.com.au,Male,49.187.86.137
32,Genevra,Lapley,glapleyv@nps.gov,Female,55.72.145.92
33,Drew,Lecordier,dlecordierw@google.co.jp,Male,155.48.59.115
34,Dicky,Torri,dtorrix@zimbio.com,Male,185.35.131.141
35,Maryann,Jaquemar,mjaquemary@parallels.com,Female,225.233.180.175
36,Lavinia,Scrivner,lscrivnerz@apache.org,Female,136.228.188.43
37,Melanie,Simoneschi,msimoneschi10@slashdot.org,Female,111.106.29.70
38,Coralyn,Bridge,cbridge11@ow.ly,Female,156.111.109.109
39,Corine,Eddins,ceddins12@github.io,Female,132.120.177.20
40,Magdalena,Harcombe,mharcombe13@over-blog.com,Female,235.253.122.225
41,Torrie,Geere,tgeere14@ucla.edu,Female,37.120.236.167
42,Rey,Dobkin,rdobkin15@technorati.com,Male,137.233.17.178
43,Art,Lanchester,alanchester16@cnbc.com,Male,18.60.5.60
44,Halie,Brannigan,hbrannigan17@1und1.de,Female,202.217.83.34
45,Buckie,Garstang,bgarstang18@irs.gov,Male,208.28.48.112
46,Roma,Laister,rlaister19@tripod.com,Male,141.36.185.186
47,Jedediah,Railton,jrailton1a@youtu.be,Male,152.180.69.189
48,Brien,Cuffley,bcuffley1b@uiuc.edu,Male,21.10.208.238
49,Ardith,Glendinning,aglendinning1c@ifeng.com,Female,228.222.95.124
50,Brnaby,Quaintance,bquaintance1d@google.cn,Male,180.97.189.66
51,Heida,Manoch,hmanoch1e@w3.org,Female,95.243.56.166
52,Carolynn,Mathevet,cmathevet1f@privacy.gov.au,Female,191.54.69.35
53,Petunia,Bowers,pbowers1g@merriam-webster.com,Female,110.195.253.175
54,Gavrielle,McMillan,gmcmillan1h@uol.com.br,Female,46.175.95.6
55,Farand,McCart,fmccart1i@google.com,Female,158.31.254.46
56,Clementine,Bollard,cbollard1j@godaddy.com,Female,3.40.238.243
57,Eran,Webborn,ewebborn1k@amazon.com,Female,114.208.190.35
58,Georg,Abarough,gabarough1l@discovery.com,Male,10.158.13.143
59,Maurene,Terren,mterren1m@flickr.com,Female,66.113.180.161
60,Vivienne,Guiot,vguiot1n@123-reg.co.uk,Female,228.146.187.77
61,Ginni,Sherburn,gsherburn1o@sogou.com,Female,204.165.237.111
62,Huey,Stittle,hstittle1p@sfgate.com,Male,99.122.79.117
63,Bliss,Plumridge,bplumridge1q@google.de,Female,5.166.14.224
64,Shayne,Nazareth,snazareth1r@si.edu,Male,91.212.252.72
65,Bank,Miskelly,bmiskelly1s@altervista.org,Male,25.7.95.213
66,Iorgo,Leary,ileary1t@slashdot.org,Male,28.83.149.83
67,Martin,Blaisdell,mblaisdell1u@oaic.gov.au,Male,183.39.93.135
68,Romy,Le Strange,rlestrange1v@google.it,Female,106.165.45.93
69,Fleur,Melmoth,fmelmoth1w@tinyurl.com,Female,96.126.94.110
70,Thayne,Assante,tassante1x@loc.gov,Male,81.202.10.10
71,Gisele,Petkov,gpetkov1y@vistaprint.com,Female,214.176.180.143
72,Wald,Duncklee,wduncklee1z@freewebs.com,Male,117.15.12.127
73,Alwin,Pentercost,apentercost20@epa.gov,Male,214.105.133.146
74,June,Berks,jberks21@examiner.com,Female,192.95.133.125
75,Donnie,Pallant,dpallant22@sitemeter.com,Male,193.63.227.156
76,Colly,Bowhey,cbowhey23@booking.com,Female,155.209.90.121
77,Wilmer,Bentson,wbentson24@rakuten.co.jp,Male,210.202.234.115
78,Deborah,Hadwen,dhadwen25@fastcompany.com,Female,182.152.131.39
79,Goddard,Koene,gkoene26@alibaba.com,Male,89.150.217.239
80,Norris,Kinchlea,nkinchlea27@webmd.com,Male,222.157.51.217
81,Amity,Witten,awitten28@e-recht24.de,Female,158.167.0.239
82,Brenna,Huckerbe,bhuckerbe29@webs.com,Female,197.175.178.176
83,Zelma,Pycock,zpycock2a@disqus.com,Female,5.215.29.79
84,Ag,Foltin,afoltin2b@wisc.edu,Female,124.129.142.175
85,Jade,Hing,jhing2c@dmoz.org,Female,93.94.98.237
86,Rolfe,Boullin,rboullin2d@opera.com,Male,102.250.155.231
87,Evy,Sline,esline2e@geocities.jp,Female,107.158.13.139
88,Berri,Wray,bwray2f@a8.net,Female,124.28.211.95
89,Hilton,Davidai,hdavidai2g@pinterest.com,Male,163.202.187.116
90,Christean,Crookston,ccrookston2h@typepad.com,Female,238.66.124.7
91,Isidor,Flescher,iflescher2i@tripod.com,Male,103.8.0.61
92,Jule,Cossington,jcossington2j@pagesperso-orange.fr,Male,21.122.175.164
93,Reeva,Glancy,rglancy2k@linkedin.com,Female,215.240.39.225
94,Karlene,Shenton,kshenton2l@free.fr,Female,104.5.220.200
95,Harris,Armfield,harmfield2m@angelfire.com,Male,22.113.201.197
96,Lurleen,Glyde,lglyde2n@themeforest.net,Female,68.195.18.241
97,Sherlocke,Uzielli,suzielli2o@zimbio.com,Male,3.57.204.245
98,Donielle,Galsworthy,dgalsworthy2p@rediff.com,Female,1.247.35.70
99,Alfreda,Davern,adavern2q@ustream.tv,Female,244.22.60.215
100,Alley,Staker,astaker2r@phpbb.com,Male,202.201.69.24
101,Kaleena,Sebring,ksebring2s@macromedia.com,Female,126.24.166.39
102,Jereme,Bowman,jbowman2t@msu.edu,Male,203.168.204.40
103,Neron,Merington,nmerington2u@amazon.com,Male,86.30.38.34
104,Marget,Leinweber,mleinweber2v@cdc.gov,Female,71.82.230.252
105,Flem,Skivington,fskivington2w@elpais.com,Male,49.193.6.225
106,Currey,Boak,cboak2x@washington.edu,Male,109.228.127.214
107,Adey,Blasius,ablasius2y@ow.ly,Female,11.217.98.64
108,Tabby,Sivess,tsivess2z@biglobe.ne.jp,Female,55.39.6.138
109,Vinnie,Egdal,vegdal30@ft.com,Male,35.191.151.61
110,Jacklyn,Ingraham,jingraham31@is.gd,Female,148.216.90.16
111,Halli,Organ,horgan32@apache.org,Female,146.185.153.119
112,Jandy,Haskins,jhaskins33@ucla.edu,Female,230.240.194.133
113,Fredric,Fernier,ffernier34@imageshack.us,Male,112.133.134.200
114,Alaster,Bicksteth,abicksteth35@house.gov,Male,65.125.188.164
115,Dario,Bisgrove,dbisgrove36@bing.com,Male,27.230.3.170
116,Sofia,Kingsnod,skingsnod37@google.pl,Female,47.196.73.222
117,Denice,McCulley,dmcculley38@webeden.co.uk,Female,172.211.22.29
118,Ambrosius,Wheatland,awheatland39@hhs.gov,Male,123.213.102.51
119,Kimberli,Ridde,kridde3a@furl.net,Female,155.79.3.168
120,Joey,Sansam,jsansam3b@google.ca,Male,232.216.207.100
121,Stacee,Thaw,sthaw3c@microsoft.com,Male,105.169.156.186
122,Alma,Delacote,adelacote3d@feedburner.com,Female,22.208.50.93
123,Ethan,Talbot,etalbot3e@fotki.com,Male,77.53.250.59
124,Darell,Eallis,deallis3f@lycos.com,Female,56.17.254.42
125,Gard,Bohje,gbohje3g@storify.com,Male,215.172.42.59
126,Dierdre,Rawdales,drawdales3h@msn.com,Female,245.220.20.174
127,Orly,Pettiford,opettiford3i@xing.com,Female,229.91.222.95
128,Ibby,Kenrick,ikenrick3j@deviantart.com,Female,177.153.23.175
129,Ramsey,Macquire,rmacquire3k@zdnet.com,Male,46.216.124.2
130,Jamesy,Roomes,jroomes3l@typepad.com,Male,207.52.51.180
131,Gerardo,Venneur,gvenneur3m@sphinn.com,Male,229.141.40.134
132,Tuck,Stubbley,tstubbley3n@angelfire.com,Male,85.102.13.61
133,Pat,Isard,pisard3o@wufoo.com,Female,88.100.216.57
134,Crystie,Bratcher,cbratcher3p@digg.com,Female,18.75.234.198
135,Umberto,Kingswold,ukingswold3q@omniture.com,Male,19.36.79.54
136,Goddard,Filson,gfilson3r@walmart.com,Male,214.104.249.62
137,Camella,Terram,cterram3s@twitter.com,Female,136.203.57.156
138,Flora,Checchi,fchecchi3t@prweb.com,Female,227.44.135.35
139,Frederik,Pollins,fpollins3u@wiley.com,Male,65.76.114.173
140,Savina,McKleod,smckleod3v@whitehouse.gov,Female,51.225.101.125
141,Kelsey,Gruszecki,kgruszecki3w@pinterest.com,Female,171.37.160.251
142,Packston,Heineking,pheineking3x@google.it,Male,89.124.92.93
143,Stanton,Hugonin,shugonin3y@tumblr.com,Male,189.209.73.245
144,Verina,Le Page,vlepage3z@kickstarter.com,Female,136.184.241.91
145,Paulo,Assandri,passandri40@cdbaby.com,Male,162.30.141.170
146,Freddy,Vearnals,fvearnals41@epa.gov,Female,149.41.36.4
147,Lucienne,Venton,lventon42@wunderground.com,Female,167.104.193.4
148,Amity,Gammill,agammill43@people.com.cn,Female,98.13.232.43
149,Wilt,Morten,wmorten44@archive.org,Male,227.164.251.163
150,Nertie,Chester,nchester45@dedecms.com,Female,108.60.153.11
151,Alisander,Fairlam,afairlam46@flavors.me,Male,63.42.168.92
152,Flore,Gingell,fgingell47@oaic.gov.au,Female,197.184.143.247
153,Collie,Guisot,cguisot48@behance.net,Female,222.114.1.21
154,Locke,Wenzel,lwenzel49@csmonitor.com,Male,34.148.73.155
155,Ronni,Dover,rdover4a@who.int,Female,204.242.141.152
156,Elton,Bough,ebough4b@oakley.com,Male,232.229.193.120
157,Myles,Richardet,mrichardet4c@ucoz.com,Male,250.64.229.90
158,Nicole,Eisak,neisak4d@desdev.cn,Female,110.236.54.144
159,Sibylla,Pougher,spougher4e@ocn.ne.jp,Female,205.174.176.37
160,Adolph,Sollner,asollner4f@bandcamp.com,Male,104.41.114.180
161,Dillon,Grishakin,dgrishakin4g@wiley.com,Male,223.132.180.169
162,Pietra,Noke,pnoke4h@fotki.com,Female,111.28.36.51
163,Beverlie,Grunder,bgrunder4i@huffingtonpost.com,Female,62.27.195.213
164,Krissie,Petrichat,kpetrichat4j@mapy.cz,Female,134.49.57.222
165,Shari,MacElroy,smacelroy4k@unesco.org,Female,149.251.226.233
166,Eydie,Dunnett,edunnett4l@china.com.cn,Female,218.174.22.155
167,Clareta,Pargent,cpargent4m@cyberchimps.com,Female,130.252.112.33
168,Dud,Crotty,dcrotty4n@cnn.com,Male,122.169.119.57
169,Codie,Dowden,cdowden4o@sourceforge.net,Male,77.130.56.243
170,Tully,Samarth,tsamarth4p@instagram.com,Male,107.18.114.152
171,Sofia,MacTrustam,smactrustam4q@jiathis.com,Female,149.200.3.199
172,Martyn,Farran,mfarran4r@youku.com,Male,41.237.178.59
173,Heddi,Sparham,hsparham4s@spotify.com,Female,93.125.210.29
174,Judah,Benge,jbenge4t@chron.com,Male,214.230.12.90
175,Clemente,Letteresse,cletteresse4u@jiathis.com,Male,126.163.162.12
176,Claiborne,Kobke,ckobke4v@umich.edu,Male,27.43.249.159
177,Orly,Learmonth,olearmonth4w@ovh.net,Female,242.80.199.204
178,Ignace,Corden,icorden4x@timesonline.co.uk,Male,77.15.129.214
179,Sidonia,Loxston,sloxston4y@addthis.com,Female,189.77.168.118
180,Corrinne,Took,ctook4z@ucla.edu,Female,84.8.107.227
181,Lucho,Hadgkiss,lhadgkiss50@admin.ch,Male,212.89.154.175
182,Sissie,Maslen,smaslen51@redcross.org,Female,175.20.103.228
183,Arnaldo,Astridge,aastridge52@amazon.com,Male,243.193.50.117
184,Parker,Jenkinson,pjenkinson53@elpais.com,Male,119.156.29.56
185,Darrick,Handscomb,dhandscomb54@reference.com,Male,146.3.117.22
186,Boy,Dalrymple,bdalrymple55@redcross.org,Male,88.220.202.159
187,Anitra,McGaugan,amcgaugan56@bloomberg.com,Female,246.68.38.164
188,Corabel,Provis,cprovis57@intel.com,Female,129.52.162.158
189,Daryl,Aluard,daluard58@clickbank.net,Female,215.158.244.215
190,Penni,Dikels,pdikels59@indiatimes.com,Female,62.93.52.183
191,Welsh,Burdis,wburdis5a@themeforest.net,Male,207.81.137.55
192,Eustacia,Hicks,ehicks5b@bing.com,Female,160.249.190.100
193,Ogdan,Kennady,okennady5c@free.fr,Male,254.150.84.49
194,Allie,Braden,abraden5d@sfgate.com,Female,140.105.205.129
195,Donnell,Murrie,dmurrie5e@about.me,Male,206.156.69.195
196,Agata,Sterling,asterling5f@free.fr,Female,63.100.240.61
197,Stacee,Gabites,sgabites5g@bloglovin.com,Male,123.77.202.38
198,Wendel,Phoenix,wphoenix5h@statcounter.com,Male,144.127.33.207
199,Jocelyne,Cowing,jcowing5i@bbc.co.uk,Female,225.235.172.77
200,Irving,Howick,ihowick5j@gravatar.com,Male,165.152.223.22
201,Shirleen,O'Scollain,soscollain5k@nba.com,Female,65.255.166.67
202,Bronnie,Senecaut,bsenecaut5l@quantcast.com,Male,29.178.41.202
203,Manny,Martynov,mmartynov5m@aol.com,Male,118.193.134.227
204,Bard,Dessaur,bdessaur5n@yandex.ru,Male,93.196.18.228
205,Norrie,Yesinov,nyesinov5o@cbslocal.com,Female,172.95.48.140
206,Cecil,Waggatt,cwaggatt5p@photobucket.com,Male,30.208.136.249
207,Scarlett,Koschek,skoschek5q@issuu.com,Female,242.176.187.80
208,Margaretha,Buttrum,mbuttrum5r@ibm.com,Female,235.34.118.79
209,Ado,Simister,asimister5s@g.co,Male,255.217.51.255
210,Odilia,Naris,onaris5t@yahoo.com,Female,37.8.169.116
211,Roanne,Cavet,rcavet5u@wikispaces.com,Female,2.185.100.98
212,Penrod,Tirte,ptirte5v@alexa.com,Male,47.146.38.11
213,Teresina,Pennuzzi,tpennuzzi5w@scribd.com,Female,117.233.237.231
214,Marwin,Bubbins,mbubbins5x@cisco.com,Male,17.165.130.97
215,Rolando,Kettlestring,rkettlestring5y@hubpages.com,Male,202.226.188.136
216,Gabi,Denley,gdenley5z@bloomberg.com,Male,84.9.142.120
217,Herbert,Cocking,hcocking60@wordpress.org,Male,100.147.107.165
218,Lydon,Adaway,ladaway61@princeton.edu,Male,122.70.121.101
219,Harmon,Matthis,hmatthis62@cnet.com,Male,86.68.41.221
220,Pooh,Dioniso,pdioniso63@forbes.com,Male,117.55.21.191
221,Beck,Stapford,bstapford64@yale.edu,Male,179.38.53.135
222,Taryn,McKeighan,tmckeighan65@t-online.de,Female,21.60.111.255
223,York,Sly,ysly66@elpais.com,Male,112.203.80.110
224,Morgan,Canizares,mcanizares67@columbia.edu,Male,21.29.133.61
225,Frasquito,Brands,fbrands68@aboutads.info,Male,200.172.57.4
226,Arin,Ingledew,aingledew69@studiopress.com,Male,161.133.124.127
227,Clareta,Leftley,cleftley6a@blogtalkradio.com,Female,141.232.168.51
228,Kerianne,Lettsom,klettsom6b@cdc.gov,Female,181.206.165.99
229,Kit,Clemont,kclemont6c@berkeley.edu,Male,207.171.162.56
230,Coraline,Stutt,cstutt6d@exblog.jp,Female,158.221.49.67
231,Carline,Aldous,caldous6e@angelfire.com,Female,216.205.230.244
232,Sonny,Grimmert,sgrimmert6f@msn.com,Female,164.27.248.66
233,Genna,Morriarty,gmorriarty6g@google.nl,Female,174.211.226.227
234,Ricardo,Strangman,rstrangman6h@lulu.com,Male,112.179.71.28
235,Claybourne,Heinsen,cheinsen6i@whitehouse.gov,Male,229.155.95.63
236,Reiko,Norton,rnorton6j@huffingtonpost.com,Female,66.115.221.214
237,Savina,Nealey,snealey6k@cnn.com,Female,36.136.67.89
238,Callida,Stickens,cstickens6l@friendfeed.com,Female,77.37.28.157
239,Callean,Ratt,cratt6m@1und1.de,Male,92.14.126.143
240,Gerrie,Dominighi,gdominighi6n@tmall.com,Female,22.143.185.144
241,Heywood,Larkcum,hlarkcum6o@cdc.gov,Male,230.111.38.178
242,Celene,Wissby,cwissby6p@google.cn,Female,236.147.160.206
243,Lionello,Beaglehole,lbeaglehole6q@biglobe.ne.jp,Male,51.214.81.224
244,Calida,Pirrie,cpirrie6r@ustream.tv,Female,30.12.144.28
245,Jade,Gorrie,jgorrie6s@icq.com,Female,235.138.212.154
246,Ezmeralda,Amorine,eamorine6t@printfriendly.com,Female,42.95.10.113
247,Cathleen,Hizir,chizir6u@earthlink.net,Female,49.32.136.108
248,Thomas,Griggs,tgriggs6v@scribd.com,Male,86.217.164.135
249,Micky,Whild,mwhild6w@cmu.edu,Male,245.231.211.180
250,Karry,Brinkworth,kbrinkworth6x@csmonitor.com,Female,194.109.123.111
251,Janith,Eltringham,jeltringham6y@last.fm,Female,137.15.63.15
252,Rubina,Torrisi,rtorrisi6z@wikipedia.org,Female,65.39.71.29
253,Dyanne,Pothecary,dpothecary70@4shared.com,Female,160.46.13.50
254,Kelley,Barry,kbarry71@dagondesign.com,Male,73.194.241.241
255,Reade,Turbayne,rturbayne72@bloglovin.com,Male,46.17.78.100
256,Yelena,Raoul,yraoul73@google.it,Female,150.67.97.187
257,Alexia,O'Harney,aoharney74@usatoday.com,Female,53.152.202.125
258,Elise,Radbourne,eradbourne75@sourceforge.net,Female,96.94.161.253
259,Maighdiln,Tills,mtills76@cocolog-nifty.com,Female,37.163.25.77
260,Ode,Gerry,ogerry77@blogspot.com,Male,220.121.158.158
261,Siffre,Triner,striner78@nature.com,Male,241.107.171.81
262,Aloysius,Nolder,anolder79@mac.com,Male,245.83.191.27
263,Clio,Tackell,ctackell7a@house.gov,Female,236.138.198.205
264,Ignatius,McCuffie,imccuffie7b@dyndns.org,Male,11.224.138.152
265,Nil,Filippone,nfilippone7c@techcrunch.com,Male,56.87.119.146
266,Aland,Paddy,apaddy7d@jiathis.com,Male,35.36.118.221
267,Zebulon,Sutworth,zsutworth7e@google.nl,Male,57.164.99.61
268,Linnea,O'Gleasane,logleasane7f@mayoclinic.com,Female,165.250.122.237
269,Edgardo,Scandred,escandred7g@cyberchimps.com,Male,232.95.141.33
270,Charla,Talmadge,ctalmadge7h@ed.gov,Female,133.133.154.246
271,Sheree,Scoyne,sscoyne7i@google.com.hk,Female,35.109.22.177
272,Skylar,Trinke,strinke7j@examiner.com,Male,57.101.175.67
273,Issy,Salvage,isalvage7k@dedecms.com,Female,47.32.110.91
274,Gonzales,Yarnell,gyarnell7l@census.gov,Male,185.244.136.25
275,Shalom,Cromack,scromack7m@blogspot.com,Male,200.7.110.50
276,Colline,Lenz,clenz7n@51.la,Female,65.247.147.83
277,Ed,Gosnold,egosnold7o@cisco.com,Male,20.119.150.255
278,Felike,Ninnis,fninnis7p@baidu.com,Male,63.245.147.136
279,Law,Tomblings,ltomblings7q@nasa.gov,Male,139.246.237.41
280,Garry,Hucker,ghucker7r@dedecms.com,Male,70.8.119.251
281,Hadria,Gavrieli,hgavrieli7s@mashable.com,Female,95.125.239.191
282,Abel,Eyden,aeyden7t@webmd.com,Male,151.22.30.150
283,Fonzie,Woodruffe,fwoodruffe7u@earthlink.net,Male,141.63.91.222
284,Beret,Mish,bmish7v@rakuten.co.jp,Female,32.227.249.249
285,Alfonso,Hawkings,ahawkings7w@surveymonkey.com,Male,45.131.218.233
286,Damaris,Samuel,dsamuel7x@symantec.com,Female,222.199.0.76
287,Mabelle,Annear,mannear7y@cdbaby.com,Female,43.150.3.205
288,Keane,Spandley,kspandley7z@illinois.edu,Male,197.69.140.71
289,Tabbie,Goodbairn,tgoodbairn80@exblog.jp,Female,148.227.5.89
290,Dalia,McFie,dmcfie81@jigsy.com,Female,154.176.9.167
291,Dell,Clew,dclew82@cnbc.com,Female,178.128.157.47
292,Katleen,Whylie,kwhylie83@narod.ru,Female,15.32.201.135
293,Devora,Trusdale,dtrusdale84@independent.co.uk,Female,238.52.181.149
294,Sauncho,Dinsmore,sdinsmore85@senate.gov,Male,8.153.250.117
295,Bailey,MacEntee,bmacentee86@squarespace.com,Male,172.63.139.148
296,Fulton,Kaaskooper,fkaaskooper87@youtu.be,Male,160.99.39.247
297,Talbot,Emnoney,temnoney88@nyu.edu,Male,109.111.95.172
298,Chickie,Echlin,cechlin89@networkadvertising.org,Female,246.149.104.143
299,Dore,Aleksich,daleksich8a@g.co,Female,166.104.89.107
300,Milli,Mathis,mmathis8b@engadget.com,Female,44.123.111.21
301,Laird,Robel,lrobel8c@kickstarter.com,Male,57.169.160.46
302,Jennine,Aggs,jaggs8d@eventbrite.com,Female,248.225.94.23
303,Rubia,Winspar,rwinspar8e@bbc.co.uk,Female,130.111.82.214
304,Herby,Shadfourth,hshadfourth8f@nih.gov,Male,192.41.114.72
305,Rodger,Deboy,rdeboy8g@fema.gov,Male,22.117.162.218
306,Tuck,Stoves,tstoves8h@google.ru,Male,63.238.82.97
307,Jessamine,Carding,jcarding8i@ca.gov,Female,250.17.202.118
308,Paula,Patillo,ppatillo8j@woothemes.com,Female,161.61.116.33
309,Britt,Harrigan,bharrigan8k@eepurl.com,Female,198.47.192.158
310,Charley,Durrans,cdurrans8l@wsj.com,Male,126.209.18.146
311,Kristyn,Chadburn,kchadburn8m@microsoft.com,Female,134.166.160.80
312,Delia,Ecob,decob8n@joomla.org,Female,224.237.222.9
313,Ursula,Carle,ucarle8o@telegraph.co.uk,Female,124.221.96.253
314,Minda,Spellicy,mspellicy8p@goo.gl,Female,21.241.97.215
315,Lizbeth,Werrit,lwerrit8q@tamu.edu,Female,200.216.148.210
316,Odette,Treamayne,otreamayne8r@ox.ac.uk,Female,186.9.156.170
317,Ruperto,Chappelle,rchappelle8s@chicagotribune.com,Male,91.196.109.140
318,Gerladina,Wetherhead,gwetherhead8t@harvard.edu,Female,127.27.97.37
319,Ram,Face,rface8u@uol.com.br,Male,127.158.50.220
320,Rici,Bockin,rbockin8v@wufoo.com,Female,106.0.75.123
321,Roseanna,Scullard,rscullard8w@baidu.com,Female,229.194.30.109
322,Selinda,Wank,swank8x@sciencedaily.com,Female,194.180.0.5
323,Lancelot,McLoney,lmcloney8y@icio.us,Male,209.221.114.181
324,Jerrie,Brett,jbrett8z@wp.com,Female,60.204.248.226
325,Janek,Turvie,jturvie90@ustream.tv,Male,133.174.152.151
326,Marylynne,Renton,mrenton91@gov.uk,Female,26.212.38.155
327,Tabor,Ventam,tventam92@yellowbook.com,Male,117.23.192.190
328,Gabbey,McFetridge,gmcfetridge93@scribd.com,Female,166.241.67.158
329,Ferd,Brewitt,fbrewitt94@ucoz.ru,Male,254.32.151.2
330,Mildred,Conwell,mconwell95@gmpg.org,Female,135.132.0.132
331,Nil,Vail,nvail96@xinhuanet.com,Male,149.157.220.136
332,Ambur,Sawnwy,asawnwy97@aboutads.info,Female,48.254.169.227
333,Dorie,Fleeman,dfleeman98@posterous.com,Male,46.161.238.172
334,Fiorenze,Bradbeer,fbradbeer99@gmpg.org,Female,137.32.27.160
335,Kenn,Waldock,kwaldock9a@slideshare.net,Male,212.69.41.59
336,Bobbi,Pickering,bpickering9b@xrea.com,Female,115.64.92.168
337,Ivy,Spoor,ispoor9c@jiathis.com,Female,234.100.168.61
338,Jefferson,Mongan,jmongan9d@sphinn.com,Male,66.114.109.189
339,Vevay,Jopson,vjopson9e@google.com.br,Female,223.172.130.119
340,Clair,Buddle,cbuddle9f@rambler.ru,Male,170.131.223.152
341,Quill,Horsfield,qhorsfield9g@w3.org,Male,11.107.233.93
342,Julius,Putton,jputton9h@examiner.com,Male,164.114.93.99
343,Sheila,Cheesman,scheesman9i@globo.com,Female,23.233.19.100
344,Jere,Le Pine,jlepine9j@biblegateway.com,Male,117.25.101.152
345,Fedora,Cubbino,fcubbino9k@ifeng.com,Female,26.114.3.64
346,Tony,Medford,tmedford9l@columbia.edu,Male,205.146.214.159
347,Quinta,Jimson,qjimson9m@dailymotion.com,Female,182.19.192.139
348,Joell,Caberas,jcaberas9n@rediff.com,Female,196.222.186.67
349,Pen,Viggars,pviggars9o@unblog.fr,Female,89.202.237.117
350,Tynan,Westphal,twestphal9p@moonfruit.com,Male,84.44.9.66
351,Arabella,Koenraad,akoenraad9q@nasa.gov,Female,212.227.44.7
352,Barrie,Buzine,bbuzine9r@dailymail.co.uk,Female,144.161.111.9
353,Katya,Chotty,kchotty9s@samsung.com,Female,32.69.146.150
354,Jerry,Olland,jolland9t@engadget.com,Male,62.208.128.103
355,Orren,Bicknell,obicknell9u@blogs.com,Male,21.198.95.223
356,Aprilette,Twohig,atwohig9v@cisco.com,Female,98.253.167.179
357,Theodore,Prest,tprest9w@aol.com,Male,188.40.192.222
358,Anet,Kedie,akedie9x@kickstarter.com,Female,140.51.20.253
359,Jacquelynn,Soonhouse,jsoonhouse9y@yellowbook.com,Female,53.12.58.197
360,Dannel,Patton,dpatton9z@bloglovin.com,Male,103.145.246.199
361,Laurens,Slite,lslitea0@wunderground.com,Male,49.211.176.238
362,Pall,Showler,pshowlera1@elegantthemes.com,Male,213.156.206.146
363,Sabra,Czajka,sczajkaa2@zimbio.com,Female,112.236.225.28
364,Paxton,McIlmorie,pmcilmoriea3@google.co.jp,Male,245.38.186.242
365,Zeke,Thain,zthaina4@joomla.org,Male,185.80.16.14
366,Francklyn,Duplock,fduplocka5@wikimedia.org,Male,75.158.215.238
367,Georgy,Tranter,gtrantera6@bbc.co.uk,Male,83.115.47.111
368,Tony,Lyman,tlymana7@nbcnews.com,Male,184.200.161.7
369,Case,Aloigi,caloigia8@dailymotion.com,Male,193.44.48.30
370,Emlynne,Flacke,eflackea9@ted.com,Female,25.15.44.55
371,Micah,Cudiff,mcudiffaa@shareasale.com,Male,255.131.245.112
372,Elaina,Tuft,etuftab@flavors.me,Female,185.10.213.179
373,Debbi,Bembridge,dbembridgeac@tiny.cc,Female,27.217.190.246
374,Sisely,O' Donohue,sodonohuead@yelp.com,Female,136.50.155.145
375,Archy,Gopsell,agopsellae@vistaprint.com,Male,27.40.109.223
376,Lazar,Lapsley,llapsleyaf@vimeo.com,Male,23.23.126.190
377,Daniele,Harrhy,dharrhyag@i2i.jp,Female,199.200.216.236
378,Ruby,Birtonshaw,rbirtonshawah@aol.com,Male,120.158.189.242
379,Cathlene,Cuppleditch,ccuppleditchai@squidoo.com,Female,248.168.42.4
380,Hannie,Golden,hgoldenaj@globo.com,Female,215.248.125.28
381,Godfree,Kippling,gkipplingak@jigsy.com,Male,123.7.70.34
382,Ame,Judge,ajudgeal@toplist.cz,Female,228.39.61.134
383,Ingmar,O'Farris,iofarrisam@delicious.com,Male,188.35.125.20
384,Krystle,Videler,kvideleran@jigsy.com,Female,241.198.103.59
385,Domingo,Bispham,dbisphamao@blinklist.com,Male,227.82.208.171
386,Brennan,Theobald,btheobaldap@unicef.org,Male,150.227.250.8
387,Alden,Amort,aamortaq@wikimedia.org,Male,118.63.55.208
388,Trstram,Hatje,thatjear@tmall.com,Male,69.195.231.189
389,Wilmar,Bart,wbartas@eepurl.com,Male,252.168.180.232
390,Clem,Carder,ccarderat@is.gd,Male,225.83.50.30
391,Eimile,Thorley,ethorleyau@tuttocitta.it,Female,189.150.75.196
392,Hildegarde,Jahnel,hjahnelav@google.it,Female,178.218.211.77
393,Margaretta,Teaz,mteazaw@google.com.br,Female,98.244.170.237
394,Ilaire,Scandrite,iscandriteax@google.fr,Male,1.137.130.230
395,Jules,Sheahan,jsheahanay@marriott.com,Male,116.40.140.219
396,Laetitia,Gullane,lgullaneaz@t-online.de,Female,207.48.231.119
397,Willard,Haversham,whavershamb0@woothemes.com,Male,163.211.137.246
398,Lowe,Whenman,lwhenmanb1@zimbio.com,Male,16.14.68.192
399,Graig,Limeburner,glimeburnerb2@wikipedia.org,Male,80.183.76.117
400,Petronilla,McEttigen,pmcettigenb3@arizona.edu,Female,112.196.141.228
401,Zared,Sawdy,zsawdyb4@baidu.com,Male,73.190.179.123
402,Lita,Potter,lpotterb5@cisco.com,Female,201.29.7.168
403,Quinn,Tiesman,qtiesmanb6@skyrock.com,Male,53.114.51.186
404,Sherri,Bartoszek,sbartoszekb7@about.com,Female,44.239.139.8
405,Judas,Epgrave,jepgraveb8@wordpress.org,Male,45.124.39.223
406,Trevor,Lavelle,tlavelleb9@eventbrite.com,Male,171.200.132.196
407,Ly,Ripsher,lripsherba@blogspot.com,Male,200.66.145.106
408,Sybyl,Kytley,skytleybb@nps.gov,Female,63.64.136.39
409,Marwin,Whittier,mwhittierbc@imgur.com,Male,215.168.158.133
410,Geoffrey,Sollner,gsollnerbd@netlog.com,Male,199.119.248.185
411,Charmain,Franchioni,cfranchionibe@telegraph.co.uk,Female,88.101.55.121
412,Jedediah,Crudgington,jcrudgingtonbf@hao123.com,Male,218.107.79.114
413,Cristina,Roughley,croughleybg@dagondesign.com,Female,71.200.146.120
414,Orazio,Ghest,oghestbh@a8.net,Male,230.106.197.102
415,Tatiana,McEntagart,tmcentagartbi@nydailynews.com,Female,176.185.151.160
416,Christophe,Bray,cbraybj@lulu.com,Male,37.43.139.66
417,Ruprecht,Beakes,rbeakesbk@phpbb.com,Male,224.113.128.80
418,Hannah,Loughhead,hloughheadbl@princeton.edu,Female,250.195.250.90
419,Adriane,Dyment,adymentbm@netvibes.com,Female,255.47.132.133
420,Wendy,Bowdery,wbowderybn@stanford.edu,Female,32.239.40.187
421,Mellicent,Dymond,mdymondbo@behance.net,Female,34.234.32.62
422,Rem,Layton,rlaytonbp@microsoft.com,Male,194.57.229.57
423,Ewan,Stanford,estanfordbq@umich.edu,Male,201.226.209.106
424,Monika,Lote,mlotebr@examiner.com,Female,42.33.12.10
425,Loy,Toor,ltoorbs@godaddy.com,Male,29.202.4.96
426,Lyle,Ruffler,lrufflerbt@ftc.gov,Male,142.131.112.44
427,Leonid,Eades,leadesbu@dailymotion.com,Male,83.252.103.243
428,Roley,Petruszka,rpetruszkabv@army.mil,Male,36.225.226.34
429,Maurie,Clute,mclutebw@topsy.com,Male,48.43.142.102
430,Alejoa,Kingston,akingstonbx@comcast.net,Male,187.7.82.206
431,Briggs,Domenici,bdomeniciby@mediafire.com,Male,246.5.19.169
432,Althea,Crooke,acrookebz@harvard.edu,Female,26.54.151.156
433,Filippo,Duke,fdukec0@mail.ru,Male,220.130.231.209
434,Frank,McBlain,fmcblainc1@wordpress.org,Male,151.252.115.216
435,Virgie,Perago,vperagoc2@usnews.com,Female,164.72.119.28
436,Simonette,Rawlins,srawlinsc3@newyorker.com,Female,220.72.201.42
437,Jan,Gainsburgh,jgainsburghc4@unc.edu,Male,155.4.28.178
438,Bernetta,Rottenbury,brottenburyc5@bing.com,Female,98.16.73.64
439,Kaila,Abramowsky,kabramowskyc6@simplemachines.org,Female,147.22.110.110
440,Ariana,Borland,aborlandc7@hhs.gov,Female,20.89.151.23
441,Merridie,Northcliffe,mnorthcliffec8@paypal.com,Female,166.232.247.157
442,Gillan,Brownfield,gbrownfieldc9@msn.com,Female,101.27.147.110
443,Scarface,Clemendet,sclemendetca@indiegogo.com,Male,189.93.58.29
444,Gayle,Guidera,gguideracb@statcounter.com,Female,171.56.195.152
445,Darby,Cullagh,dcullaghcc@tuttocitta.it,Female,13.220.77.137
446,Nikki,Balthasar,nbalthasarcd@multiply.com,Male,122.59.31.64
447,Henryetta,Tenby,htenbyce@usatoday.com,Female,55.249.56.124
448,Davis,Pardie,dpardiecf@state.tx.us,Male,203.62.12.140
449,Bunnie,Slowgrave,bslowgravecg@tinypic.com,Female,106.122.164.43
450,Ferguson,Shurmer,fshurmerch@skype.com,Male,49.243.223.157
451,Aundrea,Hallagan,ahallaganci@abc.net.au,Female,75.134.113.219
452,Jaquenetta,Dell Casa,jdellcasacj@wikia.com,Female,218.185.131.98
453,Nanine,Cruddas,ncruddasck@senate.gov,Female,137.237.88.94
454,Nickie,Kaes,nkaescl@craigslist.org,Male,144.46.79.98
455,Shawn,Tabord,stabordcm@oracle.com,Female,213.103.1.118
456,Torrey,Schaffel,tschaffelcn@sphinn.com,Male,34.202.68.156
457,Renata,Boyd,rboydco@gizmodo.com,Female,53.53.206.150
458,Devora,Grayshan,dgrayshancp@ibm.com,Female,115.48.185.2
459,Carlota,Yakovl,cyakovlcq@nhs.uk,Female,43.124.165.183
460,Benedick,Colley,bcolleycr@yelp.com,Male,107.68.187.197
461,Andrey,Meltetal,ameltetalcs@unesco.org,Male,20.77.198.181
462,Noah,Le feaver,nlefeaverct@wordpress.org,Male,164.230.117.205
463,Ranee,Duprey,rdupreycu@hc360.com,Female,16.113.243.17
464,Danell,Brear,dbrearcv@si.edu,Female,240.5.81.91
465,Lamond,Dunstan,ldunstancw@ihg.com,Male,97.160.182.51
466,Jerrome,Hinchshaw,jhinchshawcx@gravatar.com,Male,207.86.119.205
467,Carmel,Grouse,cgrousecy@wordpress.com,Female,217.167.174.64
468,Sasha,Goode,sgoodecz@chicagotribune.com,Male,219.4.163.43
469,Lynnelle,Duffill,lduffilld0@google.de,Female,243.205.123.201
470,Maure,Santhouse,msanthoused1@twitpic.com,Female,57.107.203.99
471,Doralin,Greenshiels,dgreenshielsd2@timesonline.co.uk,Female,250.72.69.12
472,Robenia,Norker,rnorkerd3@last.fm,Female,170.20.24.189
473,Dulsea,Blurton,dblurtond4@businesswire.com,Female,13.132.2.202
474,Adiana,Sustins,asustinsd5@mysql.com,Female,115.53.13.223
475,Karisa,Le Gassick,klegassickd6@t-online.de,Female,20.200.241.104
476,Lazare,Diggin,ldiggind7@ca.gov,Male,45.227.75.230
477,Dorene,Hartburn,dhartburnd8@home.pl,Female,191.189.174.235
478,Teresina,Mayoral,tmayorald9@techcrunch.com,Female,252.247.232.139
479,Isacco,Truitt,itruittda@sitemeter.com,Male,63.30.174.241
480,Pauli,Quene,pquenedb@cocolog-nifty.com,Female,110.98.165.121
481,Julie,Coning,jconingdc@bigcartel.com,Female,49.66.20.64
482,Bertie,Mauger,bmaugerdd@examiner.com,Female,4.22.75.81
483,Jule,Katte,jkattede@dot.gov,Male,126.130.67.127
484,Eirena,Braine,ebrainedf@reverbnation.com,Female,220.212.210.61
485,Bernie,cornhill,bcornhilldg@omniture.com,Male,178.127.96.250
486,Harlan,Norcock,hnorcockdh@amazon.com,Male,17.202.126.35
487,Dre,Esch,deschdi@sciencedaily.com,Female,239.36.90.179
488,Brynne,Bonds,bbondsdj@tiny.cc,Female,214.112.50.121
489,Nanny,Whatman,nwhatmandk@csmonitor.com,Female,114.138.111.125
490,Eolande,Sansam,esansamdl@census.gov,Female,127.132.169.112
491,Bettina,Normavill,bnormavilldm@jalbum.net,Female,147.104.5.9
492,Libby,Pirrey,lpirreydn@odnoklassniki.ru,Female,72.235.182.172
493,Tobias,Obal,tobaldo@4shared.com,Male,186.55.231.28
494,Ailis,Bastone,abastonedp@wired.com,Female,170.182.178.53
495,Reinwald,Groomebridge,rgroomebridgedq@tumblr.com,Male,118.213.216.227
496,Arron,Broodes,abroodesdr@deliciousdays.com,Male,185.95.24.88
497,Dian,Nunns,dnunnsds@vinaora.com,Female,47.203.147.69
498,Janette,Flewitt,jflewittdt@imgur.com,Female,70.148.172.0
499,Elena,Sutch,esutchdu@last.fm,Female,232.18.54.239
500,Selig,Esterbrook,sesterbrookdv@miitbeian.gov.cn,Male,246.120.19.152
501,Gerti,Gheorghie,ggheorghiedw@irs.gov,Female,125.109.198.152
502,Donall,Westmarland,dwestmarlanddx@addthis.com,Male,6.79.32.172
503,Milena,Jacquot,mjacquotdy@instagram.com,Female,70.156.199.140
504,Tobey,Allin,tallindz@wsj.com,Female,231.29.216.93
505,Syman,Keers,skeerse0@hc360.com,Male,119.43.37.17
506,Quintus,Pinhorn,qpinhorne1@yandex.ru,Male,0.112.101.88
507,Kelsy,Arundell,karundelle2@admin.ch,Female,142.36.196.158
508,Lucky,Pfeffle,lpfefflee3@chicagotribune.com,Female,128.141.27.198
509,Jesse,Reuss,jreusse4@usda.gov,Female,191.134.21.99
510,Winthrop,Friese,wfriesee5@samsung.com,Male,95.11.98.27
511,Greg,Babcock,gbabcocke6@ocn.ne.jp,Male,155.38.153.203
512,Cedric,Semble,csemblee7@nytimes.com,Male,254.66.222.255
513,Baillie,Perring,bperringe8@macromedia.com,Male,31.134.255.194
514,Horatius,Mont,hmonte9@edublogs.org,Male,3.62.117.81
515,Chloette,Matteoni,cmatteoniea@jalbum.net,Female,197.198.40.101
516,Laurette,McNiff,lmcniffeb@ibm.com,Female,101.16.185.161
517,Maxine,Bushrod,mbushrodec@amazon.co.uk,Female,52.42.161.17
518,Sallyanne,Clemoes,sclemoesed@e-recht24.de,Female,52.97.17.81
519,Birk,Acedo,bacedoee@unicef.org,Male,142.128.16.73
520,Batsheva,Mordin,bmordinef@creativecommons.org,Female,160.90.32.0
521,Thorin,Attril,tattrileg@uiuc.edu,Male,154.55.209.211
522,Rici,Peealess,rpeealesseh@thetimes.co.uk,Female,94.32.106.142
523,Edvard,Ferryn,eferrynei@washington.edu,Male,97.217.223.58
524,Ebony,Hamprecht,ehamprechtej@addtoany.com,Female,40.252.102.85
525,Valentin,Fattorini,vfattoriniek@sourceforge.net,Male,211.128.202.32
526,Mitchell,Glavis,mglavisel@w3.org,Male,184.223.99.220
527,Kassie,Stenyng,kstenyngem@thetimes.co.uk,Female,22.171.223.182
528,Darrel,Trench,dtrenchen@stumbleupon.com,Male,49.6.84.98
529,Yolanthe,Raiker,yraikereo@npr.org,Female,157.169.173.126
530,Carlita,Readhead,creadheadep@cdc.gov,Female,199.174.227.63
531,Christalle,Tocqueville,ctocquevilleeq@utexas.edu,Female,209.187.221.113
532,Eldredge,Menichelli,emenichellier@guardian.co.uk,Male,66.237.180.186
533,Alix,Lagneaux,alagneauxes@seesaa.net,Female,125.91.122.163
534,Sharline,Caffery,scafferyet@w3.org,Female,35.32.180.95
535,Sayer,Mollitt,smollitteu@toplist.cz,Male,210.55.129.206
536,Evita,Detloff,edetloffev@dagondesign.com,Female,73.160.56.249
537,Valentijn,Lathleiff,vlathleiffew@sohu.com,Male,158.36.232.39
538,Estrella,Felix,efelixex@google.pl,Female,117.101.249.203
539,Sheilah,Pering,speringey@paypal.com,Female,136.80.163.160
540,Simonette,Linnitt,slinnittez@go.com,Female,62.207.35.102
541,Gian,Chattey,gchatteyf0@japanpost.jp,Male,89.170.16.58
542,Alfie,Hearnden,ahearndenf1@mac.com,Female,123.179.7.153
543,Frans,Gillis,fgillisf2@jigsy.com,Male,249.155.195.188
544,Shay,Neaves,sneavesf3@youtu.be,Female,1.204.252.181
545,Esteban,Edon,eedonf4@abc.net.au,Male,178.201.120.162
546,Janis,Sawart,jsawartf5@google.es,Female,91.72.167.53
547,Gretna,Gaynsford,ggaynsfordf6@sourceforge.net,Female,64.224.60.147
548,Adrian,Redihalgh,aredihalghf7@discuz.net,Male,114.36.68.233
549,Darwin,Hoggan,dhogganf8@aol.com,Male,12.132.113.214
550,Lombard,Heffron,lheffronf9@php.net,Male,145.63.12.66
551,Aime,Badwick,abadwickfa@irs.gov,Female,219.6.163.244
552,Ferdinande,Stive,fstivefb@answers.com,Female,198.67.179.120
553,Henri,Bussey,hbusseyfc@uiuc.edu,Male,41.94.189.131
554,Em,Dwire,edwirefd@google.com.br,Female,246.156.148.87
555,Matthieu,Jex,mjexfe@mit.edu,Male,247.6.185.44
556,Darnall,Leif,dleifff@abc.net.au,Male,76.132.235.122
557,Thorndike,Jzhakov,tjzhakovfg@google.fr,Male,71.89.91.44
558,Jarib,Stedall,jstedallfh@macromedia.com,Male,98.73.125.165
559,Loydie,Shenton,lshentonfi@bigcartel.com,Male,180.95.87.161
560,Coleman,Lehr,clehrfj@theglobeandmail.com,Male,203.204.106.224
561,Chrysler,Benza,cbenzafk@loc.gov,Female,36.43.4.165
562,Griswold,Tapenden,gtapendenfl@i2i.jp,Male,255.229.21.17
563,Clarisse,Polleye,cpolleyefm@qq.com,Female,214.201.53.47
564,Ad,Cave,acavefn@nymag.com,Male,14.198.204.222
565,Cchaddie,Ferne,cfernefo@diigo.com,Male,226.254.95.247
566,Sawyer,Enderlein,senderleinfp@mapquest.com,Male,200.120.198.86
567,Hinda,Gerault,hgeraultfq@microsoft.com,Female,125.14.5.71
568,Hamlen,Upchurch,hupchurchfr@nhs.uk,Male,86.104.254.26
569,Miof mela,Crimp,mcrimpfs@cnet.com,Female,71.144.174.171
570,Lazar,Rudolph,lrudolphft@comcast.net,Male,77.85.215.204
571,Robbin,Tomlett,rtomlettfu@theatlantic.com,Female,242.170.79.115
572,Ephrem,Shallcross,eshallcrossfv@a8.net,Male,120.47.8.234
573,Darell,Wankling,dwanklingfw@un.org,Female,48.210.3.187
574,Ivie,Powdrell,ipowdrellfx@ucla.edu,Female,3.193.45.35
575,Cece,Rowson,crowsonfy@walmart.com,Male,204.104.101.135
576,Parnell,Colicot,pcolicotfz@nhs.uk,Male,64.71.99.76
577,Venus,Macoun,vmacoung0@sun.com,Female,193.150.114.27
578,Cleon,Calltone,ccalltoneg1@discovery.com,Male,65.101.181.71
579,Mendy,Bompas,mbompasg2@merriam-webster.com,Male,120.80.101.226
580,Viviene,Klishin,vklishing3@tinyurl.com,Female,28.30.135.175
581,Riva,Bettington,rbettingtong4@pagesperso-orange.fr,Female,92.140.215.75
582,Dareen,Tesseyman,dtesseymang5@nyu.edu,Female,179.134.126.3
583,Michaela,Palfery,mpalferyg6@umich.edu,Female,221.161.222.9
584,Forester,Addison,faddisong7@privacy.gov.au,Male,243.90.137.140
585,Donnell,Stent,dstentg8@naver.com,Male,5.14.55.218
586,Kristofor,Birds,kbirdsg9@tamu.edu,Male,175.68.100.176
587,Carlynne,Jopp,cjoppga@wordpress.com,Female,158.168.105.56
588,Hedi,Pinsent,hpinsentgb@ustream.tv,Female,133.58.213.226
589,Huntlee,Mizzi,hmizzigc@slate.com,Male,57.135.54.95
590,Jannelle,Danielovitch,jdanielovitchgd@hubpages.com,Female,78.185.224.239
591,Daryl,Cymper,dcymperge@sina.com.cn,Male,141.237.204.35
592,Niki,Tine,ntinegf@technorati.com,Male,97.61.56.24
593,Theresita,Mourgue,tmourguegg@sitemeter.com,Female,126.238.122.250
594,Evangelina,Dengate,edengategh@spotify.com,Female,153.209.21.179
595,Lacie,Scotland,lscotlandgi@photobucket.com,Female,21.157.166.197
596,Erskine,Redish,eredishgj@yahoo.co.jp,Male,210.8.26.72
597,Stephannie,Creech,screechgk@timesonline.co.uk,Female,56.106.70.128
598,Emmalynn,Moylane,emoylanegl@discovery.com,Female,220.99.174.40
599,Pearle,De la Harpe,pdelaharpegm@nsw.gov.au,Female,49.233.222.207
600,Adelina,Able,aablegn@canalblog.com,Female,145.245.179.50
601,Issi,Henighan,ihenighango@rakuten.co.jp,Female,64.208.75.174
602,Petra,Chelley,pchelleygp@furl.net,Female,186.185.24.235
603,Marjy,Karadzas,mkaradzasgq@vimeo.com,Female,17.11.132.146
604,Brod,Northover,bnorthovergr@ebay.com,Male,215.11.107.253
605,Amory,Peasby,apeasbygs@telegraph.co.uk,Male,199.95.228.93
606,Maggi,Marques,mmarquesgt@newsvine.com,Female,239.71.80.17
607,Isidro,Longmore,ilongmoregu@smugmug.com,Male,75.114.34.246
608,Miles,Agott,magottgv@harvard.edu,Male,109.59.193.210
609,Bartholomeo,Ferenczi,bferenczigw@oaic.gov.au,Male,118.29.75.218
610,Pearline,Jeannot,pjeannotgx@sbwire.com,Female,233.210.29.143
611,Petrina,Grunnell,pgrunnellgy@ameblo.jp,Female,148.37.98.79
612,Lemar,Dewey,ldeweygz@artisteer.com,Male,193.218.66.181
613,Nikolaos,Curnick,ncurnickh0@columbia.edu,Male,131.32.115.119
614,Shandee,Radleigh,sradleighh1@shop-pro.jp,Female,74.185.180.135
615,Saunders,Norquay,snorquayh2@wikispaces.com,Male,194.176.162.160
616,Lory,Machen,lmachenh3@japanpost.jp,Female,252.174.179.99
617,Katuscha,Malarkey,kmalarkeyh4@cargocollective.com,Female,184.26.175.118
618,Sholom,Dahill,sdahillh5@oakley.com,Male,67.125.201.91
619,Keelia,Fleury,kfleuryh6@alibaba.com,Female,225.83.217.189
620,Dore,Swatradge,dswatradgeh7@cocolog-nifty.com,Female,41.1.18.10
621,Karil,Drewett,kdrewetth8@icq.com,Female,244.70.8.32
622,Athena,Inskipp,ainskipph9@shop-pro.jp,Female,123.126.99.128
623,Hew,Stent,hstentha@ca.gov,Male,213.143.181.19
624,Nevil,Harteley,nharteleyhb@dedecms.com,Male,197.114.157.27
625,Binnie,Rissen,brissenhc@yelp.com,Female,156.38.219.159
626,Flory,Tyt,ftythd@acquirethisname.com,Male,119.144.184.147
627,Vinny,Mattiacci,vmattiaccihe@zimbio.com,Female,140.121.137.84
628,Florencia,Hauger,fhaugerhf@msu.edu,Female,114.109.151.209
629,Ambrose,Cockman,acockmanhg@people.com.cn,Male,45.191.242.58
630,Gilbertine,Kondrachenko,gkondrachenkohh@msu.edu,Female,146.133.183.64
631,Calli,Carrell,ccarrellhi@ning.com,Female,86.193.35.104
632,Wendall,Haeslier,whaeslierhj@slideshare.net,Male,223.83.231.96
633,Bertie,Beavis,bbeavishk@51.la,Female,7.131.249.173
634,Jocelyne,Besantie,jbesantiehl@chicagotribune.com,Female,181.158.200.248
635,Jamima,Petrasek,jpetrasekhm@yahoo.com,Female,115.220.7.128
636,Harlene,Opie,hopiehn@trellian.com,Female,79.211.207.181
637,Fielding,Dismore,fdismoreho@disqus.com,Male,82.248.82.176
638,Sibby,Androlli,sandrollihp@cnbc.com,Female,90.78.249.76
639,Richardo,Sperry,rsperryhq@chicagotribune.com,Male,122.189.24.241
640,Shep,Beedon,sbeedonhr@nydailynews.com,Male,105.141.92.237
641,Padraic,Lattey,platteyhs@paypal.com,Male,237.38.117.151
642,Ky,Boddington,kboddingtonht@comsenz.com,Male,234.71.156.158
643,Logan,Hammarberg,lhammarberghu@yale.edu,Male,249.66.78.216
644,Arabele,McCarry,amccarryhv@indiatimes.com,Female,196.235.18.218
645,Lonnie,Gercke,lgerckehw@senate.gov,Male,228.204.234.169
646,Gabriellia,Meddemmen,gmeddemmenhx@oaic.gov.au,Female,195.46.16.38
647,Mariel,Ambrosoni,mambrosonihy@discuz.net,Female,160.216.62.68
648,Laurens,O' Liddy,loliddyhz@deviantart.com,Male,116.53.6.53
649,Gail,Robinette,grobinettei0@sakura.ne.jp,Male,54.243.124.208
650,Rodd,Spadollini,rspadollinii1@newsvine.com,Male,122.135.35.255
651,Nydia,Garvin,ngarvini2@merriam-webster.com,Female,141.131.19.179
652,Melinde,Tomsen,mtomseni3@geocities.com,Female,157.61.152.163
653,Cad,Dossetter,cdossetteri4@woothemes.com,Male,132.186.163.163
654,Ermin,Selwyn,eselwyni5@about.me,Male,140.82.0.16
655,Had,Beste,hbestei6@go.com,Male,211.78.95.130
656,Berkley,Chinnock,bchinnocki7@canalblog.com,Male,115.194.90.134
657,Angie,Stephens,astephensi8@chicagotribune.com,Male,64.1.231.180
658,Faustine,Crewe,fcrewei9@surveymonkey.com,Female,244.132.151.193
659,Rudiger,Getley,rgetleyia@comcast.net,Male,252.204.228.202
660,Lay,Wilde,lwildeib@cafepress.com,Male,82.214.159.29
661,Isahella,Crasswell,icrasswellic@youtu.be,Female,249.150.167.215
662,Holt,Streatfeild,hstreatfeildid@kickstarter.com,Male,131.119.101.16
663,Base,Ivatt,bivattie@mayoclinic.com,Male,208.61.108.14
664,Brook,Smissen,bsmissenif@prlog.org,Male,106.219.5.93
665,Archibaldo,Bather,abatherig@netscape.com,Male,143.248.161.174
666,Marline,Boncoeur,mboncoeurih@ezinearticles.com,Female,9.219.97.107
667,Joli,Norrey,jnorreyii@studiopress.com,Female,67.118.29.43
668,Thorndike,Wixey,twixeyij@adobe.com,Male,221.8.156.220
669,Mindy,Walkington,mwalkingtonik@cam.ac.uk,Female,212.67.42.76
670,Tedd,Djurdjevic,tdjurdjevicil@mozilla.com,Male,208.164.248.44
671,Lorenza,Courtin,lcourtinim@dell.com,Female,245.69.60.3
672,Malissa,Blench,mblenchin@unesco.org,Female,188.212.175.18
673,Gene,Wrennall,gwrennallio@shinystat.com,Male,236.25.202.127
674,Lief,Sandy,lsandyip@chronoengine.com,Male,175.120.214.122
675,Kimmi,Smale,ksmaleiq@nydailynews.com,Female,203.35.201.107
676,Gerti,Guiton,gguitonir@telegraph.co.uk,Female,91.253.242.190
677,Christina,Hasser,chasseris@miitbeian.gov.cn,Female,208.193.157.227
678,Dinnie,Triggs,dtriggsit@google.es,Female,40.119.136.184
679,Starlene,Tweed,stweediu@uiuc.edu,Female,30.175.87.239
680,Lorianna,Bocock,lbocockiv@wunderground.com,Female,15.166.236.120
681,Marlena,Fevier,mfevieriw@feedburner.com,Female,127.45.248.49
682,Rodrique,Winnister,rwinnisterix@patch.com,Male,221.189.39.112
683,Barbie,Boundley,bboundleyiy@blogs.com,Female,39.76.105.48
684,Onfre,Valdes,ovaldesiz@flavors.me,Male,180.203.100.176
685,Ludwig,Dimic,ldimicj0@who.int,Male,63.179.112.235
686,Devan,Fricke,dfrickej1@cafepress.com,Female,199.136.221.225
687,Alleen,Atlee,aatleej2@last.fm,Female,23.223.116.11
688,Frederik,Halston,fhalstonj3@alibaba.com,Male,6.105.161.188
689,Payton,Dulake,pdulakej4@netscape.com,Male,201.224.211.221
690,Jandy,Abbys,jabbysj5@goo.gl,Female,119.232.224.165
691,Wandis,Rathborne,wrathbornej6@yahoo.co.jp,Female,211.15.150.22
692,Gwenette,Sanbroke,gsanbrokej7@dot.gov,Female,122.151.171.112
693,Lyndy,Forestall,lforestallj8@indiatimes.com,Female,149.99.44.242
694,Dario,McCaighey,dmccaigheyj9@live.com,Male,105.201.44.4
695,Lina,Forster,lforsterja@cnbc.com,Female,60.32.47.108
696,Gustavo,Box,gboxjb@mozilla.org,Male,180.76.102.10
697,Gertruda,Lisciardelli,glisciardellijc@elpais.com,Female,137.183.115.139
698,Gunther,Scemp,gscempjd@altervista.org,Male,189.107.184.32
699,Venita,Kinchlea,vkinchleaje@ezinearticles.com,Female,229.86.131.118
700,Cristie,McIleen,cmcileenjf@prlog.org,Female,167.162.168.2
701,Terri,Doulton,tdoultonjg@bravesites.com,Female,170.78.189.196
702,Cyb,Brownsmith,cbrownsmithjh@virginia.edu,Female,128.190.160.210
703,Maddy,Crate,mcrateji@msn.com,Male,111.145.210.222
704,Curry,Tournie,ctourniejj@wunderground.com,Male,12.145.36.68
705,Layla,Vispo,lvispojk@scientificamerican.com,Female,210.145.243.191
706,Rogerio,Wetherby,rwetherbyjl@myspace.com,Male,155.66.209.52
707,Anthia,Scotchmur,ascotchmurjm@msn.com,Female,83.151.74.18
708,Kellby,Gabbitus,kgabbitusjn@netscape.com,Male,105.6.31.118
709,Philomena,Gladstone,pgladstonejo@ehow.com,Female,89.206.250.7
710,Beatrisa,Jarad,bjaradjp@oakley.com,Female,76.254.105.243
711,Binny,Petters,bpettersjq@nhs.uk,Female,173.69.73.2
712,Tammie,Biaggi,tbiaggijr@tinyurl.com,Male,245.171.0.40
713,Deva,Lere,dlerejs@nydailynews.com,Female,184.229.143.1
714,Worthington,Gilvary,wgilvaryjt@telegraph.co.uk,Male,98.228.48.198
715,Margalo,d' Elboux,mdelbouxju@google.cn,Female,235.204.8.177
716,Gill,Cairney,gcairneyjv@csmonitor.com,Female,60.176.209.11
717,Monroe,McNeigh,mmcneighjw@uiuc.edu,Male,228.174.227.123
718,Federico,Eaglen,feaglenjx@ucsd.edu,Male,39.165.223.125
719,Brannon,Give,bgivejy@networkadvertising.org,Male,174.174.206.250
720,Staffard,Glasner,sglasnerjz@bing.com,Male,195.226.240.85
721,Nikaniki,Brockbank,nbrockbankk0@simplemachines.org,Female,219.125.136.174
722,Nerty,Francois,nfrancoisk1@list-manage.com,Female,12.248.211.188
723,Ebony,Kyte,ekytek2@theguardian.com,Female,155.74.71.94
724,Anjela,Pala,apalak3@vistaprint.com,Female,91.222.220.67
725,Stacy,Bryan,sbryank4@scientificamerican.com,Male,137.195.53.91
726,Dani,Avent,daventk5@mapy.cz,Male,13.35.162.70
727,Dari,Whifen,dwhifenk6@furl.net,Female,121.169.129.186
728,Jody,Stallebrass,jstallebrassk7@webmd.com,Male,182.233.243.18
729,Susana,Feedham,sfeedhamk8@newsvine.com,Female,165.254.51.66
730,Sallyanne,Cordrey,scordreyk9@telegraph.co.uk,Female,231.177.88.73
731,Nilson,Brolan,nbrolanka@networkadvertising.org,Male,171.218.149.195
732,Willyt,Spoole,wspoolekb@nature.com,Female,112.2.81.171
733,Athene,Bernath,abernathkc@spiegel.de,Female,216.183.129.189
734,Merill,Thombleson,mthomblesonkd@nationalgeographic.com,Male,214.247.234.152
735,Shanie,Flannery,sflanneryke@yellowpages.com,Female,158.88.199.195
736,Luise,Eltun,leltunkf@booking.com,Female,247.125.30.98
737,Harland,Eidler,heidlerkg@state.gov,Male,34.220.81.156
738,Gallard,Emanuelli,gemanuellikh@senate.gov,Male,159.81.81.221
739,Burgess,Tinwell,btinwellki@hugedomains.com,Male,103.27.195.91
740,Ashton,Simyson,asimysonkj@amazon.co.jp,Male,77.131.34.42
741,Jourdain,Eymor,jeymorkk@senate.gov,Male,219.86.74.194
742,Reinaldos,Habgood,rhabgoodkl@yahoo.com,Male,252.232.209.105
743,Catherin,Roughey,crougheykm@ox.ac.uk,Female,5.255.20.255
744,Ozzy,Magner,omagnerkn@spiegel.de,Male,210.161.193.241
745,Rhianna,Ourry,rourryko@unc.edu,Female,22.71.192.66
746,Glenna,Kleehuhler,gkleehuhlerkp@java.com,Female,181.197.76.92
747,Anthea,Lorriman,alorrimankq@bloglovin.com,Female,172.5.253.95
748,Yetta,Loosemore,yloosemorekr@ftc.gov,Female,154.30.44.61
749,Beverley,Schinetti,bschinettiks@1688.com,Female,61.230.46.101
750,Kasper,Hullins,khullinskt@chron.com,Male,140.225.103.44
751,Leola,Hordell,lhordellku@twitpic.com,Female,251.127.204.13
752,Lonni,Lightowler,llightowlerkv@cdc.gov,Female,59.122.183.0
753,Harvey,Center,hcenterkw@google.com,Male,171.218.113.228
754,Lyndsay,MacDiarmond,lmacdiarmondkx@tripod.com,Female,95.98.231.174
755,Dun,Leemans,dleemansky@domainmarket.com,Male,120.104.174.201
756,Angie,Riccardo,ariccardokz@unicef.org,Male,143.44.195.56
757,Burlie,Fenn,bfennl0@dropbox.com,Male,1.220.69.95
758,Flory,Bellhouse,fbellhousel1@wordpress.com,Male,125.218.209.95
759,Zechariah,Tomei,ztomeil2@washington.edu,Male,46.158.216.207
760,Godfrey,Cossentine,gcossentinel3@skyrock.com,Male,189.47.8.69
761,Akim,Macer,amacerl4@dyndns.org,Male,145.251.231.210
762,Bancroft,De Angelis,bdeangelisl5@nps.gov,Male,141.152.242.228
763,Donaugh,Leither,dleitherl6@amazon.de,Male,96.221.54.171
764,Joyous,Crozier,jcrozierl7@usgs.gov,Female,28.23.165.137
765,Eulalie,Castagno,ecastagnol8@google.ca,Female,202.110.170.229
766,Ardelis,McGauhy,amcgauhyl9@example.com,Female,148.180.230.60
767,Gunar,Rumming,grummingla@ow.ly,Male,218.187.58.144
768,Rock,Rigbye,rrigbyelb@blogger.com,Male,165.41.244.88
769,Parrnell,Imloch,pimlochlc@drupal.org,Male,136.182.215.198
770,Jordain,Jantet,jjantetld@who.int,Female,1.236.0.173
771,Merissa,Dulake,mdulakele@pen.io,Female,34.254.112.238
772,Fidel,Matuszak,fmatuszaklf@alibaba.com,Male,150.136.112.199
773,Annora,Brewett,abrewettlg@businessweek.com,Female,57.180.191.147
774,Averell,Swindon,aswindonlh@kickstarter.com,Male,170.115.195.150
775,Florencia,Bricksey,fbrickseyli@technorati.com,Female,51.147.215.87
776,Ermentrude,Ralph,eralphlj@cdbaby.com,Female,102.115.158.155
777,Roberto,Feehely,rfeehelylk@ehow.com,Male,58.10.251.30
778,Evangeline,Mc Andrew,emcandrewll@ning.com,Female,43.180.181.58
779,Cosme,McAllister,cmcallisterlm@freewebs.com,Male,161.150.129.207
780,Padraig,Romi,promiln@telegraph.co.uk,Male,90.110.213.158
781,Elsworth,Breen,ebreenlo@mapquest.com,Male,177.227.108.81
782,Pete,Piesold,ppiesoldlp@marriott.com,Male,208.208.170.132
783,Cleon,Winterburn,cwinterburnlq@utexas.edu,Male,128.146.226.168
784,Currey,Tavernor,ctavernorlr@github.io,Male,37.227.186.119
785,Erin,Schlag,eschlagls@blogtalkradio.com,Male,181.137.140.51
786,Katleen,Gloy,kgloylt@youtube.com,Female,15.129.153.51
787,Vinni,Wann,vwannlu@ebay.com,Female,236.51.57.248
788,Wright,January,wjanuarylv@walmart.com,Male,41.161.178.209
789,Louisette,Ransome,lransomelw@blogspot.com,Female,225.77.65.205
790,Goldina,Stallworthy,gstallworthylx@cdc.gov,Female,30.42.22.79
791,Portie,Bodell,pbodellly@livejournal.com,Male,2.70.149.115
792,Yorgos,Moral,ymorallz@bizjournals.com,Male,32.214.65.85
793,Pacorro,Featherstonehaugh,pfeatherstonehaughm0@ted.com,Male,50.38.82.17
794,Jimmie,Follows,jfollowsm1@smh.com.au,Male,121.75.153.168
795,Coleen,Dytham,cdythamm2@mediafire.com,Female,62.32.255.9
796,Sandie,Clemoes,sclemoesm3@addthis.com,Female,218.243.240.172
797,Etty,Kalaher,ekalaherm4@hc360.com,Female,67.173.31.223
798,Blondell,Burchnall,bburchnallm5@cnn.com,Female,108.111.104.17
799,Stormy,Blanpein,sblanpeinm6@engadget.com,Female,221.91.30.255
800,Marve,Whybrow,mwhybrowm7@livejournal.com,Male,181.236.181.26
801,Valaria,Edmans,vedmansm8@narod.ru,Female,104.68.49.204
802,Murry,Lemerle,mlemerlem9@google.co.uk,Male,32.40.236.47
803,Alleyn,Guillard,aguillardma@usatoday.com,Male,7.123.151.143
804,Tina,Drogan,tdroganmb@cafepress.com,Female,86.130.10.99
805,Tirrell,Seeviour,tseeviourmc@cloudflare.com,Male,188.28.222.179
806,Brand,Fonso,bfonsomd@surveymonkey.com,Male,66.103.247.69
807,Aida,Le Conte,aleconteme@independent.co.uk,Female,137.120.143.107
808,Lonni,Tufts,ltuftsmf@amazon.co.uk,Female,147.112.85.35
809,Fields,Caldecutt,fcaldecuttmg@squarespace.com,Male,62.104.2.180
810,Billy,Churchward,bchurchwardmh@blinklist.com,Male,165.141.108.80
811,Cass,Morrill,cmorrillmi@oracle.com,Male,143.86.44.175
812,Xena,Cochet,xcochetmj@accuweather.com,Female,157.204.120.111
813,Puff,Sevior,pseviormk@shinystat.com,Male,69.67.210.46
814,Daune,Bramhill,dbramhillml@furl.net,Female,46.155.125.136
815,Jacinthe,Lafflin,jlafflinmm@reference.com,Female,223.126.108.128
816,Conni,Dibbs,cdibbsmn@nhs.uk,Female,186.96.92.37
817,Priscella,Keune,pkeunemo@hhs.gov,Female,160.232.156.35
818,Bondie,Bosence,bbosencemp@moonfruit.com,Male,171.10.153.25
819,Bealle,Fechnie,bfechniemq@spotify.com,Male,65.21.184.214
820,Twila,McCauley,tmccauleymr@ow.ly,Female,240.150.121.121
821,Domeniga,Iacivelli,diacivellims@usgs.gov,Female,95.77.141.22
822,Brigg,Peasby,bpeasbymt@youtu.be,Male,232.82.69.200
823,Ariella,Garwill,agarwillmu@sourceforge.net,Female,47.202.120.240
824,Norean,Groger,ngrogermv@dion.ne.jp,Female,156.232.224.178
825,Michail,Naulty,mnaultymw@wufoo.com,Male,204.50.160.250
826,Barry,Lundon,blundonmx@liveinternet.ru,Female,244.85.120.19
827,Shani,Faye,sfayemy@cargocollective.com,Female,136.64.140.91
828,Bourke,Drew-Clifton,bdrewcliftonmz@jigsy.com,Male,180.244.189.41
829,Bunnie,Kaplin,bkaplinn0@vistaprint.com,Female,177.204.220.183
830,Stavros,Andreas,sandreasn1@tinypic.com,Male,12.226.106.236
831,Zia,Overil,zoveriln2@si.edu,Female,137.217.69.141
832,Christine,McElrea,cmcelrean3@ftc.gov,Female,172.17.93.26
833,Piper,Charnick,pcharnickn4@ovh.net,Female,35.111.105.36
834,Silvana,Scraney,sscraneyn5@bing.com,Female,184.247.155.1
835,Merrily,Penhearow,mpenhearown6@nih.gov,Female,85.178.127.137
836,Ceil,Lipscomb,clipscombn7@earthlink.net,Female,174.122.110.157
837,Alethea,Knewstubb,aknewstubbn8@psu.edu,Female,186.87.146.51
838,Fayre,De Vaar,fdevaarn9@baidu.com,Female,132.77.159.12
839,Jacinda,Butland,jbutlandna@arstechnica.com,Female,90.235.149.135
840,Vaclav,Kerry,vkerrynb@europa.eu,Male,222.54.48.156
841,Jammal,Bentinck,jbentincknc@icio.us,Male,115.144.44.239
842,Elisha,Shercliff,eshercliffnd@live.com,Male,70.29.36.252
843,Eward,Hyams,ehyamsne@samsung.com,Male,175.160.79.43
844,Ravid,Nystrom,rnystromnf@ow.ly,Male,52.173.188.246
845,Jerrie,Grishinov,jgrishinovng@pagesperso-orange.fr,Female,114.173.79.242
846,Torry,Bruna,tbrunanh@comcast.net,Male,135.64.9.225
847,Claribel,Di Domenico,cdidomeniconi@google.com.br,Female,22.44.84.29
848,Eddi,Trethewey,etretheweynj@nps.gov,Female,176.219.58.147
849,Morgan,Runham,mrunhamnk@pen.io,Female,159.178.48.8
850,Orran,Hartburn,ohartburnnl@umn.edu,Male,24.229.168.131
851,Rusty,MacColl,rmaccollnm@edublogs.org,Male,164.133.116.5
852,Herrick,Kobpal,hkobpalnn@bigcartel.com,Male,153.69.237.7
853,Bryant,Shemmin,bshemminno@kickstarter.com,Male,74.133.1.90
854,Schuyler,Kirkham,skirkhamnp@domainmarket.com,Male,237.34.92.33
855,Sher,Snaddon,ssnaddonnq@timesonline.co.uk,Female,116.154.82.77
856,Hildegaard,Sauven,hsauvennr@about.com,Female,32.224.37.84
857,Trescha,Esberger,tesbergerns@multiply.com,Female,195.174.192.137
858,Madonna,MacColm,mmaccolmnt@unicef.org,Female,155.181.88.240
859,Roze,Jone,rjonenu@51.la,Female,181.252.159.35
860,Merv,Demangel,mdemangelnv@gnu.org,Male,217.21.13.235
861,Leoline,Mazzey,lmazzeynw@cisco.com,Female,137.98.4.232
862,Rhys,de Clerq,rdeclerqnx@google.fr,Male,206.31.43.251
863,Salem,Gabotti,sgabottiny@ebay.co.uk,Male,217.82.37.149
864,Gottfried,Enoch,genochnz@opensource.org,Male,107.60.98.12
865,Wood,Mawer,wmawero0@samsung.com,Male,170.136.54.219
866,Lorene,Wateridge,lwateridgeo1@mac.com,Female,254.66.34.53
867,Kleon,Tincknell,ktincknello2@feedburner.com,Male,167.106.239.82
868,Joye,Peperell,jpeperello3@parallels.com,Female,21.178.22.213
869,Dniren,Castellini,dcastellinio4@cnet.com,Female,120.209.70.152
870,Nell,Antonio,nantonioo5@google.co.jp,Female,151.131.247.245
871,Sheena,Towler,stowlero6@msu.edu,Female,204.52.14.237
872,Clarance,Enderby,cenderbyo7@wp.com,Male,184.164.133.129
873,Yvon,Austins,yaustinso8@163.com,Male,36.100.147.136
874,Arvie,Alliott,aalliotto9@exblog.jp,Male,225.227.34.27
875,Giavani,Eake,geakeoa@arizona.edu,Male,17.64.228.153
876,Marissa,Arckoll,marckollob@sakura.ne.jp,Female,71.108.113.108
877,Andy,Jeacocke,ajeacockeoc@sbwire.com,Male,51.200.1.123
878,Moira,Trill,mtrillod@amazon.com,Female,151.143.75.113
879,Justinn,Bhatia,jbhatiaoe@furl.net,Female,189.169.210.210
880,Eben,Freiberg,efreibergof@ebay.co.uk,Male,91.206.211.136
881,Merry,Iannelli,miannelliog@wordpress.com,Male,41.131.51.196
882,Gabie,Mullaly,gmullalyoh@bloomberg.com,Female,226.255.174.193
883,Ezekiel,Pumphrey,epumphreyoi@acquirethisname.com,Male,50.137.145.22
884,Corri,Suermeiers,csuermeiersoj@columbia.edu,Female,15.38.102.167
885,Lowe,Probetts,lprobettsok@live.com,Male,237.3.180.92
886,Wilie,Crofts,wcroftsol@linkedin.com,Female,76.75.102.159
887,Catlin,Maxfield,cmaxfieldom@cornell.edu,Female,61.213.170.84
888,Alf,Almey,aalmeyon@aboutads.info,Male,37.225.229.51
889,Lucila,LaBastida,llabastidaoo@xinhuanet.com,Female,92.41.49.238
890,Arlinda,Cleynman,acleynmanop@berkeley.edu,Female,209.171.82.243
891,Stella,Esselin,sesselinoq@japanpost.jp,Female,165.68.61.226
892,Hugues,Gheeorghie,hgheeorghieor@whitehouse.gov,Male,180.108.106.122
893,Rora,Mansbridge,rmansbridgeos@livejournal.com,Female,12.225.103.190
894,Keefe,Beange,kbeangeot@hp.com,Male,82.194.93.6
895,Angelia,Spender,aspenderou@weather.com,Female,52.124.77.3
896,Robyn,Jane,rjaneov@chicagotribune.com,Female,27.211.166.213
897,Jolynn,Jachimczak,jjachimczakow@paypal.com,Female,104.221.136.67
898,Windham,Simeoli,wsimeoliox@bbb.org,Male,200.244.149.27
899,Tucky,Lapidus,tlapidusoy@about.com,Male,227.53.34.189
900,Meier,Fidler,mfidleroz@tiny.cc,Male,17.203.222.139
901,Ciro,Wallington,cwallingtonp0@goo.gl,Male,218.206.138.118
902,Goldi,Whitford,gwhitfordp1@devhub.com,Female,169.105.192.53
903,Earlie,Arr,earrp2@hao123.com,Male,162.57.24.1
904,Judon,Gatehouse,jgatehousep3@over-blog.com,Male,15.142.164.66
905,Ave,Donke,adonkep4@whitehouse.gov,Male,79.3.24.185
906,Ulrikaumeko,Aggs,uaggsp5@plala.or.jp,Female,82.168.121.116
907,Obed,Born,obornp6@constantcontact.com,Male,78.28.76.145
908,Colman,Elsmore,celsmorep7@reuters.com,Male,221.204.153.66
909,Channa,Kerswell,ckerswellp8@psu.edu,Female,35.23.95.119
910,Renell,Spafford,rspaffordp9@seattletimes.com,Female,29.58.70.243
911,Agnese,Witcomb,awitcombpa@engadget.com,Female,118.81.152.10
912,Dudley,Ianetti,dianettipb@alibaba.com,Male,25.106.241.196
913,Rosmunda,Pershouse,rpershousepc@odnoklassniki.ru,Female,195.45.169.49
914,Orson,Vido,ovidopd@geocities.jp,Male,2.252.46.255
915,Brigg,Mc Ilwrick,bmcilwrickpe@google.it,Male,172.63.254.99
916,Leia,Ruttgers,lruttgerspf@tinypic.com,Female,87.5.179.196
917,Rochester,Jenicek,rjenicekpg@free.fr,Male,169.31.195.191
918,Debra,O'Hartigan,dohartiganph@bbc.co.uk,Female,92.173.214.177
919,Serena,Heeks,sheekspi@kickstarter.com,Female,182.169.28.69
920,Darby,Branigan,dbraniganpj@yandex.ru,Female,224.150.209.117
921,Connie,Brissenden,cbrissendenpk@cnn.com,Female,247.90.108.71
922,Ashby,Colpus,acolpuspl@google.nl,Male,105.80.144.136
923,Si,Sutheran,ssutheranpm@hao123.com,Male,46.238.128.82
924,Guthry,Vales,gvalespn@state.tx.us,Male,186.6.152.157
925,Sileas,Stiffell,sstiffellpo@eepurl.com,Female,90.207.79.233
926,Nesta,Chatell,nchatellpp@simplemachines.org,Female,246.251.88.16
927,Shelia,Durbann,sdurbannpq@google.co.jp,Female,169.40.84.80
928,Tani,Cheer,tcheerpr@live.com,Female,132.39.133.139
929,Vicki,Wermerling,vwermerlingps@csmonitor.com,Female,76.66.130.115
930,Sindee,Penella,spenellapt@upenn.edu,Female,22.105.78.220
931,Vic,Alliott,valliottpu@hibu.com,Male,10.144.147.227
932,Reed,Allain,rallainpv@ebay.co.uk,Male,199.124.126.222
933,Raine,Sauven,rsauvenpw@jigsy.com,Female,90.82.214.108
934,Davin,Alexsandrev,dalexsandrevpx@weibo.com,Male,73.137.195.92
935,Glenine,Stampfer,gstampferpy@ovh.net,Female,117.101.15.53
936,Rube,Dabling,rdablingpz@lulu.com,Male,42.114.157.153
937,Griselda,Hrihorovich,ghrihorovichq0@shareasale.com,Female,44.218.153.86
938,Berke,Blatherwick,bblatherwickq1@amazonaws.com,Male,61.89.239.38
939,Lulita,Luty,llutyq2@lycos.com,Female,228.111.171.138
940,Benyamin,Peffer,bpefferq3@tiny.cc,Male,247.102.14.179
941,Hall,Townsend,htownsendq4@shareasale.com,Male,13.94.17.66
942,Jard,Pickton,jpicktonq5@storify.com,Male,20.76.162.0
943,Jessie,Statersfield,jstatersfieldq6@netscape.com,Male,80.81.105.223
944,Aleen,Livett,alivettq7@huffingtonpost.com,Female,148.235.50.24
945,Jethro,Gadson,jgadsonq8@clickbank.net,Male,218.7.167.51
946,Kiah,Josskowitz,kjosskowitzq9@ovh.net,Female,198.218.177.30
947,Wadsworth,Crosthwaite,wcrosthwaiteqa@slideshare.net,Male,2.192.200.44
948,Winny,Pawlaczyk,wpawlaczykqb@psu.edu,Male,207.76.225.103
949,Jodie,Rude,jrudeqc@oakley.com,Female,13.50.59.211
950,Viki,Brouard,vbrouardqd@usgs.gov,Female,185.164.130.38
951,Wilek,Sherington,wsheringtonqe@mozilla.com,Male,194.219.152.108
952,Carolann,Farey,cfareyqf@nhs.uk,Female,17.2.38.156
953,Chandra,Magrane,cmagraneqg@bbc.co.uk,Female,152.56.103.227
954,Kathlin,Stevani,kstevaniqh@51.la,Female,21.235.119.187
955,Kaile,Dandison,kdandisonqi@gmpg.org,Female,154.198.126.58
956,Murvyn,Dunge,mdungeqj@wikimedia.org,Male,56.105.191.99
957,Murray,De Michele,mdemicheleqk@issuu.com,Male,85.176.126.25
958,Brittni,Ruddy,bruddyql@baidu.com,Female,237.247.248.195
959,Xenos,MacEveley,xmaceveleyqm@berkeley.edu,Male,157.250.97.242
960,Gal,Beverley,gbeverleyqn@jugem.jp,Male,162.17.158.161
961,Karilynn,Erskin,kerskinqo@newsvine.com,Female,235.122.205.30
962,Darice,Audsley,daudsleyqp@reference.com,Female,204.209.6.79
963,Dyanna,Clemow,dclemowqq@bandcamp.com,Female,160.210.41.91
964,Murdoch,Fluck,mfluckqr@opensource.org,Male,155.144.110.60
965,Delaney,MacConnulty,dmacconnultyqs@sun.com,Male,0.210.192.169
966,Marlane,Amberger,mambergerqt@tinypic.com,Female,249.6.174.230
967,Kath,Roscoe,kroscoequ@latimes.com,Female,87.53.36.178
968,Olivia,Dexter,odexterqv@redcross.org,Female,102.22.102.253
969,Sybille,Shelly,sshellyqw@mlb.com,Female,188.25.248.205
970,Dionisio,Cleverley,dcleverleyqx@bloglovin.com,Male,226.104.209.211
971,Lesly,Houlson,lhoulsonqy@oakley.com,Female,19.254.100.154
972,Eleni,Chicotti,echicottiqz@jigsy.com,Female,245.151.192.173
973,Salvidor,Bellwood,sbellwoodr0@g.co,Male,101.0.198.114
974,Nealon,Shilladay,nshilladayr1@reverbnation.com,Male,121.133.102.248
975,Benton,Oldis,boldisr2@odnoklassniki.ru,Male,56.83.217.92
976,Hali,Pipe,hpiper3@shop-pro.jp,Female,91.158.162.24
977,Prentice,Pelz,ppelzr4@studiopress.com,Male,119.198.153.99
978,Pietrek,Murrhaupt,pmurrhauptr5@google.fr,Male,223.37.240.199
979,Waldon,MacGaughie,wmacgaughier6@merriam-webster.com,Male,131.86.202.37
980,Harbert,Mion,hmionr7@washingtonpost.com,Male,37.156.142.181
981,Timi,Radloff,tradloffr8@qq.com,Female,68.53.46.197
982,Abdel,Asquith,aasquithr9@stanford.edu,Male,178.48.207.197
983,Rolph,Abramof,rabramofra@sogou.com,Male,170.27.221.103
984,Daryn,Kintish,dkintishrb@jugem.jp,Female,133.83.91.59
985,Lev,Bramer,lbramerrc@so-net.ne.jp,Male,185.233.81.119
986,Lay,Masterman,lmastermanrd@deviantart.com,Male,212.226.177.193
987,Ulla,Gamble,ugamblere@geocities.com,Female,20.216.117.57
988,Timothy,Cossentine,tcossentinerf@yellowbook.com,Male,196.42.75.188
989,Gordon,Congreave,gcongreaverg@goo.gl,Male,135.49.146.136
990,Worthington,Spawton,wspawtonrh@newsvine.com,Male,78.115.44.153
991,Matthew,Prowting,mprowtingri@answers.com,Male,75.251.164.205
992,Clotilda,Reiners,creinersrj@businesswire.com,Female,59.179.123.247
993,Mohammed,Sottell,msottellrk@jiathis.com,Male,158.36.240.58
994,Kearney,Bawcock,kbawcockrl@myspace.com,Male,229.195.72.67
995,Brade,Lavielle,blaviellerm@delicious.com,Male,157.179.221.214
996,Farah,Woodthorpe,fwoodthorpern@squidoo.com,Female,232.151.210.195
997,Wenona,Beachem,wbeachemro@miitbeian.gov.cn,Female,48.164.220.16
998,Tony,Kennham,tkennhamrp@alibaba.com,Male,233.73.183.72
999,Florinda,Tourne,ftournerq@moonfruit.com,Female,186.152.61.114
1000,Clovis,Calafate,ccalafaterr@samsung.com,Female,144.78.192.137
